{"epoch":4796,"population":52,"avg_fitness":0.6016094570727287,"total_atp":554.5121791345399,"role_distribution":{"Communicator":11,"Optimizer":10,"Archivist":10,"Strategist":9,"Executor":12},"treasury_balance":0.43433436854000507,"treasury_collected":4312.026569439532,"treasury_distributed":4311.592235070952,"market_solved":11191,"market_rewarded":48051.70142335559,"risks":["ATP_CONCENTRATION"],"uptime_seconds":5883,"total_births":547,"total_deaths":515,"epoch_diff":{"window":10,"population_delta":-5,"atp_delta":-14.980476115176998,"fitness_delta":0.01072671516575252,"births_in_window":0,"deaths_in_window":5,"mutations_in_window":148},"season":"Summer","pop_cap":18}
